Feature,Importance,Input_Weight_Importance
BTN1A1,6.813919,6.813919
CSN1S1,6.4438257,6.4438257
CSN2,6.2962904,6.2962904
CNMD,6.1070166,6.1070166
C1S,6.0479984,6.0479984
SPDEF,6.003394,6.003394
SULT1C3,5.922246,5.922246
EN1,5.884433,5.884433
CHGB,5.862198,5.862198
ISLR,5.838318,5.838318
VIM,5.8170853,5.8170853
MRC2,5.813139,5.813139
COL11A2,5.7930765,5.7930765
ERRFI1,5.7839694,5.7839694
DUSP5,5.7812853,5.7812853
FSCN1,5.778159,5.778159
XBP1,5.748431,5.748431
S100A11,5.744106,5.744106
SCPEP1,5.7422333,5.7422333
PAPSS1,5.731812,5.731812
PAFAH1B3,5.728403,5.728403
AKR1B15,5.7267523,5.7267523
FOXA1,5.7241755,5.7241755
CAV1,5.7217064,5.7217064
CKM,5.721272,5.721272
NCAPD2,5.714327,5.714327
MT-CO1,5.712166,5.712166
GSN,5.706371,5.706371
HSD17B10,5.704629,5.704629
SERPINF1,5.694664,5.694664
FN1,5.686599,5.686599
RHOB,5.672441,5.672441
COPA,5.6621733,5.6621733
COL9A3,5.661066,5.661066
C6orf15,5.658122,5.658122
ELF5,5.643761,5.643761
COL3A1,5.6433606,5.6433606
CALU,5.642859,5.642859
RAMP3,5.6414986,5.6414986
FCRLB,5.63422,5.63422
FBLN2,5.6327157,5.6327157
RPL32,5.6289825,5.6289825
HID1,5.6280203,5.6280203
GATA3,5.626234,5.626234
ARHGDIA,5.6248426,5.6248426
SULF1,5.6248417,5.6248417
ZFP36L2,5.6248007,5.6248007
TAGLN,5.624634,5.624634
SERPINB5,5.6140575,5.6140575
CCL5,5.613151,5.613151
MRC1,5.6113257,5.6113257
KLHDC3,5.6102176,5.6102176
EID1,5.6043386,5.6043386
CBX1,5.603295,5.603295
CST3,5.6020746,5.6020746
MT-ND5,5.6020727,5.6020727
FAU,5.6011047,5.6011047
MYL6,5.6006107,5.6006107
RPL7,5.598064,5.598064
CCL21,5.5970297,5.5970297
ZFP36,5.5883355,5.5883355
MGP,5.583915,5.583915
LTF,5.583089,5.583089
C1R,5.582726,5.582726
CTSS,5.5826406,5.5826406
CIRBP,5.5821204,5.5821204
CCT3,5.5807343,5.5807343
COL1A1,5.576912,5.576912
EMILIN1,5.576022,5.576022
PLAU,5.571972,5.571972
COL12A1,5.568718,5.568718
ACTA2,5.567875,5.567875
MYL9,5.5667195,5.5667195
ELOVL5,5.5664983,5.5664983
OLFML3,5.563921,5.563921
EHF,5.5623765,5.5623765
FAM234B,5.5597653,5.5597653
AGTR1,5.555855,5.555855
INSM1,5.555683,5.555683
CHI3L1,5.553978,5.553978
PCOLCE,5.553605,5.553605
DAZAP2,5.5518484,5.5518484
ATP5F1E,5.55141,5.55141
HRCT1,5.5506163,5.5506163
PABPC1,5.54926,5.54926
CERS2,5.547846,5.547846
BST2,5.547017,5.547017
RARA,5.544623,5.544623
MLPH,5.5444627,5.5444627
LFNG,5.5438743,5.5438743
DSG2,5.5425916,5.5425916
UBE2C,5.542428,5.542428
MMP14,5.5422463,5.5422463
HLA-DPB1,5.5419626,5.5419626
RPL15,5.5400395,5.5400395
KRT16,5.5372257,5.5372257
PSMB5,5.5349607,5.5349607
MTDH,5.5324817,5.5324817
REEP6,5.5283365,5.5283365
IFIT3,5.5275755,5.5275755
ATP1A1,5.527044,5.527044
LGALS3,5.5265994,5.5265994
UGT2B28,5.525919,5.525919
BLVRA,5.525876,5.525876
APOC1,5.5256314,5.5256314
DSG3,5.525239,5.525239
CDK2AP1,5.5247145,5.5247145
OAS3,5.524478,5.524478
RSU1,5.522731,5.522731
TPX2,5.521854,5.521854
RHCG,5.520976,5.520976
COL4A1,5.519908,5.519908
MT-ND4L,5.5195904,5.5195904
SLC38A2,5.5188603,5.5188603
FADS2,5.518733,5.518733
POLR2L,5.517814,5.517814
RAB11B,5.5172577,5.5172577
RPL9,5.5171556,5.5171556
RPL13A,5.516013,5.516013
CRACR2B,5.5151725,5.5151725
HMGB2,5.5151453,5.5151453
IGSF8,5.5144787,5.5144787
ZNF689,5.5139456,5.5139456
RPL27A,5.5139227,5.5139227
JUND,5.5120373,5.5120373
PDIA6,5.5117254,5.5117254
KITLG,5.511112,5.511112
MFGE8,5.51052,5.51052
GABRP,5.508223,5.508223
MT-ATP8,5.505828,5.505828
SQLE,5.504986,5.504986
HIGD2A,5.5045757,5.5045757
ECHS1,5.504386,5.504386
SYNM,5.5042343,5.5042343
LSR,5.5036483,5.5036483
MAB21L4,5.5020876,5.5020876
RPS19,5.5018845,5.5018845
SDC1,5.501663,5.501663
MMP7,5.4972763,5.4972763
ZNF703,5.4968276,5.4968276
LUM,5.495986,5.495986
HNRNPAB,5.4954205,5.4954205
USP22,5.495207,5.495207
VPS72,5.4947095,5.4947095
FBP1,5.4936643,5.4936643
CPE,5.4929514,5.4929514
KCNN4,5.4926686,5.4926686
MARCKSL1,5.492564,5.492564
ALPL,5.4918547,5.4918547
BSG,5.4905047,5.4905047
TAT,5.4894166,5.4894166
MAPKAPK2,5.489031,5.489031
U2AF2,5.4876237,5.4876237
HLA-E,5.487431,5.487431
AHCY,5.486724,5.486724
RPL31,5.486167,5.486167
MPZ,5.4861555,5.4861555
HLA-DRB1,5.4854584,5.4854584
PPP1CA,5.4848413,5.4848413
COL5A2,5.4846253,5.4846253
CDC20,5.4844465,5.4844465
FDCSP,5.4819345,5.4819345
GLIPR2,5.4817705,5.4817705
TMEM54,5.4808044,5.4808044
MZT2B,5.4782586,5.4782586
IL13RA1,5.477523,5.477523
CASP14,5.4773045,5.4773045
TM4SF1,5.4771023,5.4771023
EIF4A2,5.4761753,5.4761753
CSTB,5.4744334,5.4744334
APOE,5.4744263,5.4744263
SPTSSA,5.473853,5.473853
FOXC1,5.4733124,5.4733124
ESRP1,5.4729147,5.4729147
SRP9,5.4690647,5.4690647
CYBA,5.4676194,5.4676194
TAPBP,5.4669185,5.4669185
PTN,5.4664636,5.4664636
SMOC2,5.4661226,5.4661226
CALB2,5.4660053,5.4660053
AGR2,5.4656477,5.4656477
SOX10,5.465433,5.465433
RPL24,5.463872,5.463872
IFITM2,5.4638405,5.4638405
ADIPOR1,5.463472,5.463472
ATRAID,5.463198,5.463198
CYP2A7,5.461281,5.461281
HMGN4,5.4601974,5.4601974
CAPG,5.459651,5.459651
MT1G,5.459381,5.459381
SDC4,5.4593163,5.4593163
SMIM14,5.459302,5.459302
SFRP4,5.4577637,5.4577637
NPC2,5.4572725,5.4572725
CHST1,5.4571614,5.4571614
NDUFS6,5.4569573,5.4569573
HLA-B,5.4569335,5.4569335
PSMB8,5.4562006,5.4562006
TACSTD2,5.4560394,5.4560394
FOSB,5.454341,5.454341
ISG15,5.452883,5.452883
STC1,5.4522276,5.4522276
CDK2AP2,5.4519873,5.4519873
AQP1,5.4497805,5.4497805
HTRA3,5.4497547,5.4497547
CRISPLD1,5.449195,5.449195
CALR,5.449064,5.449064
AEBP1,5.4464483,5.4464483
GET3,5.445772,5.445772
MT2A,5.445628,5.445628
IGFBP4,5.445512,5.445512
ENPP5,5.444373,5.444373
UCHL1,5.4437747,5.4437747
POMP,5.4428787,5.4428787
ACKR1,5.442774,5.442774
DDIT4,5.442557,5.442557
COPG1,5.441801,5.441801
SERPINH1,5.440773,5.440773
KLF5,5.440386,5.440386
KLK7,5.439878,5.439878
ANTXR1,5.4394417,5.4394417
IDH2,5.4388123,5.4388123
SLPI,5.438525,5.438525
SFRP2,5.4372363,5.4372363
TIMM13,5.4371557,5.4371557
IGFBP7,5.437022,5.437022
CD99,5.4364758,5.4364758
KRTDAP,5.4357758,5.4357758
STOML2,5.4356155,5.4356155
RNF5,5.4355917,5.4355917
NPM3,5.4344406,5.4344406
NDUFB11,5.434289,5.434289
PYCR1,5.4342318,5.4342318
SPARC,5.433926,5.433926
ATP6AP1,5.433668,5.433668
LAMTOR4,5.4332156,5.4332156
EGR1,5.4332085,5.4332085
TSPAN8,5.4327602,5.4327602
ID3,5.4313517,5.4313517
MLEC,5.431047,5.431047
CSRP1,5.431041,5.431041
BYSL,5.430596,5.430596
CAMK2N1,5.430482,5.430482
COX7A1,5.4298077,5.4298077
COL6A1,5.429263,5.429263
RAB25,5.428727,5.428727
NAT1,5.4282093,5.4282093
RPS27,5.428191,5.428191
MSLN,5.428129,5.428129
ACTN4,5.4278235,5.4278235
JUN,5.4269423,5.4269423
ELAPOR1,5.4269085,5.4269085
PERP,5.4267216,5.4267216
NCL,5.426201,5.426201
ACTG1,5.425557,5.425557
SCGN,5.4252405,5.4252405
AARD,5.424777,5.424777
RCC2,5.424396,5.424396
ELN,5.4240904,5.4240904
TAP1,5.423018,5.423018
MRPL51,5.421884,5.421884
LALBA,5.4203167,5.4203167
GOLPH3,5.420291,5.420291
AIF1L,5.4201756,5.4201756
TMSB4X,5.419882,5.419882
RPS8,5.419284,5.419284
KLK6,5.41868,5.41868
TSPAN1,5.4174547,5.4174547
SLC2A10,5.4169455,5.4169455
ZNF664,5.4160266,5.4160266
RARRES2,5.4152536,5.4152536
PPP1R14B,5.413968,5.413968
C1orf198,5.4138656,5.4138656
PRDX6,5.412719,5.412719
PLAAT4,5.4119473,5.4119473
MMP11,5.4116426,5.4116426
PDZK1,5.4107113,5.4107113
CSN3,5.4100885,5.4100885
SNRNP70,5.410021,5.410021
ITPRID2,5.4078636,5.4078636
G6PD,5.4071136,5.4071136
VCAN,5.4068003,5.4068003
DRAP1,5.4063587,5.4063587
TMED10,5.405795,5.405795
ARF5,5.4054976,5.4054976
LAPTM5,5.4047737,5.4047737
CXCL10,5.404604,5.404604
CAPN2,5.4044886,5.4044886
MT-ND4,5.403595,5.403595
RPS27A,5.4031663,5.4031663
PRDX4,5.402875,5.402875
RPL7A,5.4025793,5.4025793
TSTD1,5.4024763,5.4024763
DPYSL3,5.4017057,5.4017057
ACAN,5.4014955,5.4014955
EPHX1,5.401377,5.401377
ACKR3,5.400836,5.400836
HLA-DQA1,5.400824,5.400824
APOL1,5.4001985,5.4001985
SLC40A1,5.3982077,5.3982077
CNPY3,5.398137,5.398137
SERPING1,5.397646,5.397646
RPL5,5.3963633,5.3963633
CES1,5.395776,5.395776
PIP,5.3956146,5.3956146
ACTR2,5.395401,5.395401
CRISP3,5.3946366,5.3946366
HNRNPF,5.3928127,5.3928127
LRATD2,5.392783,5.392783
TSPAN13,5.392706,5.392706
PSMB3,5.3924594,5.3924594
TM9SF2,5.392193,5.392193
CYP4Z1,5.3918996,5.3918996
CPB1,5.3918285,5.3918285
TBC1D9,5.3915358,5.3915358
SAA1,5.3910756,5.3910756
LTB,5.389155,5.389155
CYBRD1,5.389118,5.389118
TRIR,5.388801,5.388801
TSPO,5.3887854,5.3887854
NPTX1,5.3885684,5.3885684
HMGCS2,5.3884697,5.3884697
FABP3,5.38793,5.38793
TOMM20,5.387526,5.387526
ARL6IP1,5.386976,5.386976
HSPD1,5.3868837,5.3868837
COL6A2,5.3866673,5.3866673
MUC1,5.3862443,5.3862443
NUCB2,5.3861456,5.3861456
APRT,5.3858204,5.3858204
TFF1,5.385546,5.385546
LRRC59,5.383152,5.383152
NTS,5.3831472,5.3831472
CAVIN1,5.3827963,5.3827963
CARTPT,5.3827667,5.3827667
S100A2,5.3826385,5.3826385
S100A10,5.3825645,5.3825645
FLNA,5.382331,5.382331
UGT2B11,5.381895,5.381895
CAPZA1,5.3812613,5.3812613
MUC5B,5.3811646,5.3811646
LAD1,5.3806562,5.3806562
CLCA2,5.379692,5.379692
SEC61B,5.37833,5.37833
PTP4A2,5.3781166,5.3781166
CANX,5.3774796,5.3774796
EIF3K,5.3760815,5.3760815
CD44,5.375026,5.375026
ELP2,5.373887,5.373887
NDUFC2,5.373482,5.373482
RBP1,5.3733935,5.3733935
ATN1,5.3733435,5.3733435
RPL29,5.373255,5.373255
CCT5,5.372931,5.372931
ERBB2,5.372898,5.372898
COL6A3,5.3721256,5.3721256
COL11A1,5.3719206,5.3719206
HCFC1R1,5.371648,5.371648
VAMP5,5.371199,5.371199
RGCC,5.3704643,5.3704643
HLA-DRB5,5.370367,5.370367
YWHAZ,5.370064,5.370064
TFDP1,5.3689756,5.3689756
RAMP2,5.3677387,5.3677387
MRPL47,5.3675823,5.3675823
SOD3,5.366721,5.366721
IGF1R,5.366646,5.366646
RET,5.3665276,5.3665276
GUK1,5.365667,5.365667
RAN,5.365465,5.365465
UBE2L6,5.365335,5.365335
MT-ATP6,5.365322,5.365322
YBX1,5.3651,5.3651
NFE2L1,5.3647366,5.3647366
IRF2BP2,5.3632174,5.3632174
MRPS21,5.362773,5.362773
COL2A1,5.362384,5.362384
TIMP2,5.3616543,5.3616543
SLITRK6,5.3612947,5.3612947
LMAN1,5.360192,5.360192
ALYREF,5.3601117,5.3601117
S100B,5.3597493,5.3597493
PRR15L,5.3587837,5.3587837
SARAF,5.3580985,5.3580985
ASAH1,5.3569927,5.3569927
CASD1,5.356688,5.356688
PTGES3,5.356536,5.356536
MFAP4,5.3557024,5.3557024
COTL1,5.355551,5.355551
CCN1,5.3551908,5.3551908
PDZK1IP1,5.354475,5.354475
CYP2A6,5.354409,5.354409
LGALS1,5.354194,5.354194
HLA-DMA,5.353961,5.353961
CHI3L2,5.353347,5.353347
TSPAN15,5.351966,5.351966
CTHRC1,5.351516,5.351516
CCT2,5.351465,5.351465
MRPS34,5.351305,5.351305
BEX1,5.350665,5.350665
EFNA1,5.3503356,5.3503356
PSME1,5.3497252,5.3497252
CNN3,5.3486195,5.3486195
PSME2,5.348592,5.348592
MMP2,5.3480773,5.3480773
GRB2,5.3477554,5.3477554
TMEM219,5.3477335,5.3477335
SLC25A1,5.347108,5.347108
PEBP1,5.347038,5.347038
CA2,5.346529,5.346529
TYROBP,5.3464823,5.3464823
CILP,5.3461146,5.3461146
OS9,5.3446646,5.3446646
BASP1,5.3442225,5.3442225
SERF2,5.343925,5.343925
HTRA1,5.3427534,5.3427534
RASD1,5.342603,5.342603
PSMD3,5.3421307,5.3421307
SRPRA,5.341774,5.341774
GTF3A,5.3416734,5.3416734
AHSA1,5.3415422,5.3415422
KIAA0040,5.339877,5.339877
JUP,5.3394036,5.3394036
CCN2,5.339307,5.339307
PHGDH,5.3385997,5.3385997
MUC2,5.33829,5.33829
ARF1,5.33797,5.33797
PFN2,5.3368554,5.3368554
PRSS23,5.3361797,5.3361797
CD52,5.3358517,5.3358517
LDHA,5.335847,5.335847
CD59,5.3357534,5.3357534
CPNE1,5.335597,5.335597
ACY3,5.335065,5.335065
YWHAB,5.3346443,5.3346443
COL10A1,5.334254,5.334254
VTCN1,5.3338737,5.3338737
S100A4,5.33387,5.33387
AHNAK,5.3334036,5.3334036
EIF4G1,5.3333206,5.3333206
MT-CO2,5.333214,5.333214
ASB13,5.332767,5.332767
TPD52,5.3308825,5.3308825
PTTG1IP,5.3304615,5.3304615
PSMB7,5.3302317,5.3302317
ACADSB,5.3301206,5.3301206
BRK1,5.3298388,5.3298388
MYDGF,5.3295307,5.3295307
GSTP1,5.328904,5.328904
CFD,5.3283014,5.3283014
SNCG,5.3282166,5.3282166
APEX1,5.328162,5.328162
CLTB,5.3278875,5.3278875
CD164,5.327692,5.327692
PSMC5,5.3276725,5.3276725
IL6ST,5.327504,5.327504
TIMM23,5.327434,5.327434
TGFBR2,5.3272076,5.3272076
GJB2,5.3270025,5.3270025
DDAH2,5.32638,5.32638
TFF3,5.326378,5.326378
MT-ND6,5.32587,5.32587
CLDN1,5.3253183,5.3253183
PRSS8,5.324834,5.324834
HSPH1,5.324504,5.324504
TK1,5.324489,5.324489
RPL11,5.3241663,5.3241663
ATP6V0E1,5.324088,5.324088
TMSB10,5.323634,5.323634
TUFM,5.3235493,5.3235493
ANXA1,5.3228264,5.3228264
EIF4B,5.3221245,5.3221245
ANO1,5.321912,5.321912
LMO4,5.320531,5.320531
RPLP1,5.320529,5.320529
LAMTOR2,5.320369,5.320369
CAPS,5.319492,5.319492
COMP,5.3194504,5.3194504
PKM,5.3186526,5.3186526
IRX3,5.3183136,5.3183136
PREX1,5.3180723,5.3180723
CA12,5.317376,5.317376
HEBP1,5.3167486,5.3167486
LYPD3,5.3164234,5.3164234
EEF1B2,5.3164186,5.3164186
SIAH2,5.316317,5.316317
ADAR,5.316191,5.316191
JCHAIN,5.3157797,5.3157797
APP,5.315756,5.315756
FH,5.3157005,5.3157005
ITGB5,5.315675,5.315675
DUSP23,5.315217,5.315217
EIF2S3,5.314992,5.314992
NOP53,5.3149548,5.3149548
PIGR,5.314781,5.314781
COX4I1,5.313561,5.313561
DEPP1,5.313411,5.313411
PHKG1,5.313278,5.313278
SRGN,5.3126974,5.3126974
NNMT,5.312566,5.312566
LMNA,5.3119736,5.3119736
NTN4,5.3111663,5.3111663
TYMP,5.3108974,5.3108974
PAM,5.3108654,5.3108654
HNRNPK,5.3100815,5.3100815
SH3BGRL,5.308789,5.308789
H3C10,5.307541,5.307541
B2M,5.3074656,5.3074656
SOCS3,5.306341,5.306341
S100A6,5.3060427,5.3060427
RBBP8,5.305937,5.305937
SYNGR2,5.3057384,5.3057384
CKB,5.30548,5.30548
ZFP36L1,5.305232,5.305232
ACTN1,5.3052278,5.3052278
RPS25,5.3050566,5.3050566
BMPR1B,5.305,5.305
DUSP1,5.3048244,5.3048244
UQCRC1,5.3042994,5.3042994
DDR1,5.304287,5.304287
GNB2,5.304261,5.304261
ALOX15B,5.303385,5.303385
CHGA,5.3032346,5.3032346
CHCHD10,5.302786,5.302786
NES,5.302661,5.302661
TP53INP1,5.302621,5.302621
NR4A1,5.3021474,5.3021474
SLC9A3R2,5.301799,5.301799
RPL28,5.301384,5.301384
KRT8,5.3013334,5.3013334
ANXA5,5.301133,5.301133
PDGFRB,5.3011255,5.3011255
SMR3A,5.300581,5.300581
AP2B1,5.300503,5.300503
GHITM,5.299632,5.299632
RPL14,5.2996006,5.2996006
VDAC1,5.2992315,5.2992315
CYP1B1,5.298896,5.298896
KRT17,5.2986393,5.2986393
RHOC,5.297616,5.297616
RGS2,5.2975664,5.2975664
KRT19,5.297459,5.297459
DHRS2,5.2974224,5.2974224
ATP5MC2,5.297351,5.297351
RPL23A,5.2970853,5.2970853
RPS20,5.2967176,5.2967176
CFL1,5.2963824,5.2963824
LAMP1,5.296273,5.296273
RAB11A,5.296235,5.296235
C1QC,5.295487,5.295487
SNRPC,5.2952976,5.2952976
PRDX1,5.294976,5.294976
CLDN7,5.294207,5.294207
ACP5,5.2940726,5.2940726
ACTL8,5.294066,5.294066
CHRDL2,5.2937837,5.2937837
ZNF146,5.293255,5.293255
KIAA1522,5.2930036,5.2930036
KLK14,5.2928715,5.2928715
EFEMP1,5.2924476,5.2924476
RPS11,5.291283,5.291283
PRDX5,5.2910333,5.2910333
TMBIM6,5.2908664,5.2908664
PDLIM1,5.290746,5.290746
FOS,5.2903624,5.2903624
GPRC5A,5.289453,5.289453
CRYAB,5.2893305,5.2893305
RHBDD2,5.288827,5.288827
CUTA,5.288555,5.288555
CCL19,5.2883434,5.2883434
TMEM123,5.2883134,5.2883134
ANXA7,5.288049,5.288049
GBP1,5.2877827,5.2877827
LCN2,5.2875776,5.2875776
CTNNA1,5.287449,5.287449
GOLPH3L,5.286433,5.286433
P4HB,5.286228,5.286228
DAP,5.2860546,5.2860546
ARMT1,5.2854853,5.2854853
ACTB,5.2853923,5.2853923
LAMC1,5.284256,5.284256
BIRC5,5.2840776,5.2840776
PRELP,5.2838407,5.2838407
TRAM1,5.283703,5.283703
SERINC2,5.283552,5.283552
SLC9A3R1,5.283391,5.283391
RPL36AL,5.28333,5.28333
MS4A7,5.2832155,5.2832155
AHCYL1,5.2823195,5.2823195
TXNIP,5.281986,5.281986
RPL21,5.281913,5.281913
ARF3,5.281849,5.281849
CPNE3,5.281584,5.281584
SLC25A5,5.281455,5.281455
ARL6IP5,5.2813535,5.2813535
NELL2,5.2812796,5.2812796
RPL10A,5.2808723,5.2808723
COA3,5.280834,5.280834
ANXA9,5.2807994,5.2807994
PTPN1,5.2806535,5.2806535
SNRPD2,5.280225,5.280225
RPSA,5.278988,5.278988
EPRS1,5.2786627,5.2786627
FSTL1,5.2775793,5.2775793
CREB3L1,5.2774124,5.2774124
WFDC2,5.2772675,5.2772675
IER2,5.27711,5.27711
CD74,5.2769365,5.2769365
POSTN,5.2768106,5.2768106
CXCL9,5.276662,5.276662
GADD45GIP1,5.276498,5.276498
MICOS13,5.2764454,5.2764454
HLA-DRA,5.276358,5.276358
SLC25A6,5.276142,5.276142
HAX1,5.2750607,5.2750607
CEACAM6,5.274969,5.274969
KDELR3,5.274671,5.274671
KLHDC7B,5.274,5.274
LURAP1L,5.2737036,5.2737036
IRAK1,5.273241,5.273241
PAPSS2,5.2732153,5.2732153
SCG2,5.2726445,5.2726445
SPARCL1,5.272207,5.272207
CDH1,5.2721653,5.2721653
LAMB3,5.2714925,5.2714925
FIS1,5.2705207,5.2705207
CTXN1,5.2702494,5.2702494
MSN,5.2696915,5.2696915
CEBPD,5.269174,5.269174
MT-CYB,5.2690797,5.2690797
TSC22D3,5.2689953,5.2689953
RHOV,5.2680345,5.2680345
S100A14,5.2673445,5.2673445
WIF1,5.2669168,5.2669168
SERBP1,5.2668653,5.2668653
CLDN3,5.2667317,5.2667317
SERPINI1,5.2667246,5.2667246
UBALD2,5.2666464,5.2666464
NQO1,5.26649,5.26649
FAM102A,5.264557,5.264557
MRPL54,5.2644205,5.2644205
RPL30,5.264248,5.264248
UAP1,5.264067,5.264067
PHB2,5.2629576,5.2629576
HDGF,5.2626143,5.2626143
MCCC2,5.262439,5.262439
CACNG4,5.2620926,5.2620926
CDC25B,5.2612877,5.2612877
PCSK1,5.2608194,5.2608194
SERINC3,5.260477,5.260477
IFI27,5.259695,5.259695
GPX3,5.259453,5.259453
RPS9,5.259433,5.259433
LYZ,5.2591343,5.2591343
KCNJ3,5.258651,5.258651
VAV3,5.258615,5.258615
RPS18,5.2583947,5.2583947
PEG10,5.2580347,5.2580347
C6orf62,5.2578974,5.2578974
CD9,5.257488,5.257488
LANCL2,5.2573514,5.2573514
RPL6,5.25716,5.25716
IDO1,5.2567797,5.2567797
TNFRSF12A,5.2561836,5.2561836
JPT1,5.255959,5.255959
TMEM47,5.255179,5.255179
LRRC15,5.2550535,5.2550535
MX1,5.254984,5.254984
VAMP8,5.254883,5.254883
MPC2,5.254815,5.254815
AMIGO2,5.2548075,5.2548075
TXN,5.254553,5.254553
ANP32B,5.254333,5.254333
PNMT,5.254179,5.254179
TMEM230,5.253963,5.253963
GRN,5.253688,5.253688
PPP2R5A,5.2529716,5.2529716
VPS28,5.252722,5.252722
SERINC1,5.2527046,5.2527046
VAT1,5.2526717,5.2526717
MYC,5.251425,5.251425
NDP,5.2504687,5.2504687
SELENOF,5.2498374,5.2498374
TNFAIP2,5.24972,5.24972
CIB1,5.2495747,5.2495747
ASS1,5.249112,5.249112
PI3,5.2489614,5.2489614
PKP1,5.2489576,5.2489576
ANPEP,5.2488155,5.2488155
TRAPPC6A,5.2487764,5.2487764
CXCL16,5.2486744,5.2486744
RPL35,5.24856,5.24856
KRT81,5.2483478,5.2483478
KRT15,5.248202,5.248202
HMGN3,5.248088,5.248088
STARD3,5.2476397,5.2476397
MED1,5.246748,5.246748
STRAP,5.246737,5.246737
MYH9,5.246311,5.246311
PRAME,5.246225,5.246225
WDR45B,5.2456913,5.2456913
IL32,5.245492,5.245492
CHPF,5.245172,5.245172
ZNF552,5.24504,5.24504
UQCRH,5.2448053,5.2448053
SHARPIN,5.244452,5.244452
GSTO1,5.2444487,5.2444487
CAPNS1,5.2442884,5.2442884
RPL27,5.2441425,5.2441425
CCDC117,5.244075,5.244075
RHOD,5.243847,5.243847
RPL41,5.2437296,5.2437296
SEC61A1,5.24343,5.24343
RPL13,5.2432737,5.2432737
CST4,5.2432547,5.2432547
LAPTM4A,5.2431126,5.2431126
EMP1,5.242783,5.242783
DGCR6L,5.2425356,5.2425356
PRKAR1A,5.2423143,5.2423143
BSPRY,5.2419415,5.2419415
SPTSSB,5.2414517,5.2414517
TCEAL1,5.241337,5.241337
DCXR,5.239753,5.239753
DCN,5.2389975,5.2389975
PLOD1,5.238905,5.238905
FGD3,5.2385616,5.2385616
TMEM147,5.238446,5.238446
BOP1,5.2380047,5.2380047
ABHD2,5.237912,5.237912
RAD21,5.237731,5.237731
COL1A2,5.2376394,5.2376394
RTL8A,5.237624,5.237624
CXXC5,5.237446,5.237446
SMARCD2,5.2373047,5.2373047
TMEM14C,5.237217,5.237217
HNRNPA1,5.2370253,5.2370253
FAM50A,5.2368164,5.2368164
MYADM,5.2367077,5.2367077
ZBTB18,5.2363453,5.2363453
ANXA2,5.235856,5.235856
ZG16B,5.2356215,5.2356215
IFIT1,5.235556,5.235556
PTMS,5.2349687,5.2349687
PGK1,5.234317,5.234317
SFRP1,5.2335386,5.2335386
SCCPDH,5.232989,5.232989
PSMD2,5.232897,5.232897
PFKFB3,5.232744,5.232744
EFHD1,5.231953,5.231953
MLF2,5.2316957,5.2316957
HMGN2,5.2313957,5.2313957
ARPC3,5.231365,5.231365
KIF5B,5.23108,5.23108
LAP3,5.231001,5.231001
RPL37A,5.230935,5.230935
PLK2,5.2308807,5.2308807
ATP6V1F,5.230629,5.230629
EPHB3,5.230628,5.230628
CXCL11,5.230605,5.230605
GAPDH,5.2304983,5.2304983
GJA1,5.2299204,5.2299204
PRPF19,5.2298994,5.2298994
CCT8,5.229813,5.229813
FCER1G,5.2293434,5.2293434
COX8A,5.2290487,5.2290487
CD151,5.2288284,5.2288284
EGFR,5.2287235,5.2287235
TMEM14A,5.22855,5.22855
HLA-C,5.2282395,5.2282395
KDELR2,5.2281795,5.2281795
SUB1,5.227743,5.227743
DSTN,5.227597,5.227597
RPL36,5.227343,5.227343
CBX4,5.227141,5.227141
PSMB4,5.2269917,5.2269917
MAN1A1,5.226835,5.226835
ERP27,5.226826,5.226826
SUMO3,5.226594,5.226594
CD63,5.2263575,5.2263575
CCT7,5.2258453,5.2258453
HSPB8,5.225771,5.225771
MRPL18,5.2252827,5.2252827
NUDC,5.2252088,5.2252088
UGCG,5.2252016,5.2252016
TSPYL5,5.224427,5.224427
EEF1A1,5.2243767,5.2243767
EVL,5.2242556,5.2242556
MRPL41,5.224232,5.224232
CREB3,5.224098,5.224098
MBOAT7,5.2239904,5.2239904
SLC2A4RG,5.2239523,5.2239523
TUBB,5.223702,5.223702
SLC44A4,5.223277,5.223277
SET,5.2230916,5.2230916
RAB31,5.222492,5.222492
ALDH18A1,5.221672,5.221672
SHROOM1,5.221591,5.221591
CD53,5.221161,5.221161
RPL35A,5.220951,5.220951
PMEPA1,5.220945,5.220945
ROMO1,5.220871,5.220871
TTLL12,5.220667,5.220667
CTDSP2,5.220137,5.220137
RPS14,5.219789,5.219789
BCAM,5.2194204,5.2194204
AP2S1,5.219312,5.219312
DEFB1,5.218665,5.218665
ACTG2,5.2185454,5.2185454
NDUFB10,5.218506,5.218506
RPL22L1,5.21841,5.21841
OAS2,5.2182817,5.2182817
HSPA1A,5.218272,5.218272
VEGFB,5.2181373,5.2181373
NME4,5.2181168,5.2181168
EIF1,5.2179103,5.2179103
ARF4,5.217848,5.217848
CISD3,5.217313,5.217313
KRT14,5.217272,5.217272
BPIFA1,5.2172337,5.2172337
RAB1B,5.2171063,5.2171063
PARK7,5.2169905,5.2169905
TRMT112,5.2169456,5.2169456
NIBAN2,5.216867,5.216867
RPS4X,5.2168255,5.2168255
TFAP2B,5.2164936,5.2164936
DPP7,5.216444,5.216444
ATP5MC1,5.216379,5.216379
APLP2,5.2163496,5.2163496
GUSB,5.216302,5.216302
ITGB4,5.215956,5.215956
SBSN,5.215771,5.215771
LPL,5.215717,5.215717
DNAJC12,5.2155857,5.2155857
SRRM2,5.215549,5.215549
CCNI,5.2148056,5.2148056
AURKAIP1,5.214592,5.214592
DAD1,5.214533,5.214533
PSMD4,5.2142973,5.2142973
SECTM1,5.2142797,5.2142797
TOB1,5.2142134,5.2142134
LMAN2,5.2138767,5.2138767
SPINK8,5.213811,5.213811
TPSB2,5.213705,5.213705
KRT18,5.2131796,5.2131796
MCL1,5.211487,5.211487
SELENBP1,5.2111254,5.2111254
ATE1,5.2109947,5.2109947
GPX2,5.2109013,5.2109013
BGN,5.210759,5.210759
SOX9,5.210726,5.210726
NDRG1,5.2107253,5.2107253
STMN1,5.2104354,5.2104354
MYBL2,5.2103796,5.2103796
FGG,5.2103376,5.2103376
CSTA,5.2097588,5.2097588
PDCD4,5.209734,5.209734
CKAP4,5.2091713,5.2091713
TPM2,5.208965,5.208965
GADD45B,5.208749,5.208749
ESR1,5.208606,5.208606
GASK1B,5.2085686,5.2085686
CNN2,5.208125,5.208125
SELL,5.207874,5.207874
FAM83H,5.207834,5.207834
RPS5,5.207796,5.207796
CCND1,5.207593,5.207593
RNF187,5.207473,5.207473
ATP5PD,5.2069697,5.2069697
MT-CO3,5.206775,5.206775
RPN2,5.2067595,5.2067595
LY6D,5.206372,5.206372
RTN4,5.2053747,5.2053747
EXOC2,5.2052345,5.2052345
DEGS1,5.2046943,5.2046943
ENO1,5.204623,5.204623
NOLC1,5.2045236,5.2045236
TBX3,5.2043004,5.2043004
ABCC11,5.203825,5.203825
GPX1,5.2031794,5.2031794
DDX17,5.202985,5.202985
PSMC3,5.202963,5.202963
RGL2,5.202864,5.202864
MCM4,5.202533,5.202533
SLC1A5,5.202507,5.202507
TM2D2,5.2025023,5.2025023
LRP2,5.2022333,5.2022333
PYGB,5.2022,5.2022
PRNP,5.202058,5.202058
MXRA5,5.2018757,5.2018757
VGLL1,5.2017555,5.2017555
DCD,5.2016907,5.2016907
APOD,5.201366,5.201366
PPP1R1B,5.2007933,5.2007933
ADAM15,5.200011,5.200011
SEPTIN2,5.1997967,5.1997967
RNF181,5.1993165,5.1993165
CAP1,5.198798,5.198798
ATP6V0B,5.198782,5.198782
CUEDC2,5.198654,5.198654
LAPTM4B,5.198488,5.198488
H3-3B,5.1984205,5.1984205
FKBP4,5.198224,5.198224
PMVK,5.198119,5.198119
TRIB1,5.1978207,5.1978207
CRABP2,5.1976933,5.1976933
RPS13,5.197482,5.197482
PRDX2,5.197076,5.197076
RPL39,5.1970162,5.1970162
IFIT2,5.1968107,5.1968107
NAA20,5.1967583,5.1967583
NUCB1,5.196253,5.196253
BEX4,5.1956625,5.1956625
SMR3B,5.1950493,5.1950493
OLFM4,5.194209,5.194209
MT-ND1,5.194194,5.194194
CLIC1,5.193643,5.193643
SPP1,5.19335,5.19335
PPIA,5.193265,5.193265
HLA-DQA2,5.193159,5.193159
PIP4K2B,5.1930585,5.1930585
CYP4X1,5.192896,5.192896
NCOA4,5.191781,5.191781
MTCH1,5.1916776,5.1916776
CLDN4,5.191557,5.191557
PTGES,5.1906343,5.1906343
CCDC85B,5.1905136,5.1905136
KRT4,5.1901846,5.1901846
SCUBE2,5.1895885,5.1895885
IGFBP3,5.189377,5.189377
EIF3D,5.18904,5.18904
GPI,5.1890306,5.1890306
MYOF,5.188981,5.188981
ID4,5.187894,5.187894
HSPA8,5.1876464,5.1876464
EIF4G2,5.187401,5.187401
BTF3,5.1868,5.1868
PPA1,5.186309,5.186309
CD79A,5.186304,5.186304
ATF3,5.186203,5.186203
SDC2,5.186201,5.186201
STMN3,5.185972,5.185972
KIF12,5.18583,5.18583
LACRT,5.1857643,5.1857643
PPP1CB,5.185278,5.185278
RPL3,5.185003,5.185003
PKIB,5.1841164,5.1841164
SRM,5.1838493,5.1838493
SAT1,5.1837053,5.1837053
BPIFB1,5.183401,5.183401
URI1,5.1832924,5.1832924
HSPA5,5.1832867,5.1832867
IARS2,5.1832786,5.1832786
KLF6,5.1831665,5.1831665
CST9,5.1831055,5.1831055
GADD45G,5.1826286,5.1826286
TMEM176B,5.1824565,5.1824565
SLC2A1,5.1822624,5.1822624
PLTP,5.181979,5.181979
TNFSF10,5.1819305,5.1819305
PRKCSH,5.181882,5.181882
GTF3C6,5.1815896,5.1815896
KPNA2,5.1811094,5.1811094
MRPS30,5.1807837,5.1807837
DEK,5.180549,5.180549
PRR15,5.18054,5.18054
SSNA1,5.1800623,5.1800623
TRPC4AP,5.179117,5.179117
IFITM3,5.178935,5.178935
CTTN,5.1782026,5.1782026
VDAC3,5.17811,5.17811
HLA-DPA1,5.1780148,5.1780148
PAXX,5.177742,5.177742
SPINT2,5.1777325,5.1777325
NINJ1,5.1775074,5.1775074
RPS26,5.1774597,5.1774597
ATP5F1A,5.1771774,5.1771774
SLC44A2,5.176955,5.176955
CTSK,5.176799,5.176799
RRBP1,5.17674,5.17674
PFDN2,5.176566,5.176566
DEGS2,5.1765537,5.1765537
HIBADH,5.176049,5.176049
CHRNA9,5.175966,5.175966
HSPA4,5.1758857,5.1758857
SEC61G,5.1758795,5.1758795
UQCRFS1,5.175827,5.175827
S100A8,5.175587,5.175587
RAB1A,5.175481,5.175481
GPAA1,5.175452,5.175452
HDC,5.1752014,5.1752014
CLU,5.174824,5.174824
RPL34,5.1746154,5.1746154
SEZ6L2,5.174329,5.174329
MAGED1,5.1741242,5.1741242
MRPS35,5.173216,5.173216
H1-2,5.173037,5.173037
FCGRT,5.172709,5.172709
HSP90AA1,5.172702,5.172702
BLVRB,5.172049,5.172049
PAGE2,5.1715508,5.1715508
TMX2,5.1715403,5.1715403
TRIP6,5.171019,5.171019
DMKN,5.1709166,5.1709166
NDUFB4,5.1708307,5.1708307
PPM1G,5.1706085,5.1706085
SUMO1,5.170513,5.170513
DYNC2I2,5.170238,5.170238
XDH,5.1700926,5.1700926
COX6C,5.169903,5.169903
TGOLN2,5.169776,5.169776
MYL12B,5.168662,5.168662
TIMM10,5.1682634,5.1682634
SLC50A1,5.1680145,5.1680145
FGF10,5.16801,5.16801
AGPAT2,5.167843,5.167843
S100A7,5.1677856,5.1677856
CTNNB1,5.1677485,5.1677485
THBS2,5.1674795,5.1674795
RAB6A,5.166202,5.166202
RPL10,5.1659307,5.1659307
NCSTN,5.1658163,5.1658163
SUSD2,5.165431,5.165431
TALDO1,5.165152,5.165152
ERH,5.165097,5.165097
EMP2,5.16494,5.16494
ODC1,5.1647735,5.1647735
C3,5.164762,5.164762
MXRA8,5.1646953,5.1646953
CD14,5.1645947,5.1645947
STAT1,5.1642904,5.1642904
CENPX,5.1642637,5.1642637
RPS3A,5.1640077,5.1640077
FBN1,5.1638117,5.1638117
SOX4,5.1636047,5.1636047
PPT1,5.163399,5.163399
TFAP2C,5.1633606,5.1633606
BNIP3L,5.163293,5.163293
TNFRSF21,5.162885,5.162885
IFITM1,5.1626234,5.1626234
GRINA,5.1623588,5.1623588
PSMC4,5.1622343,5.1622343
RDH10,5.162227,5.162227
STC2,5.16218,5.16218
RPS6,5.161935,5.161935
GSTA1,5.161804,5.161804
LSM2,5.1615896,5.1615896
LASP1,5.1614428,5.1614428
ACLY,5.1614313,5.1614313
PTPRF,5.1613693,5.1613693
PUF60,5.1613607,5.1613607
COX6B1,5.161215,5.161215
RPS16,5.1608996,5.1608996
SHISA2,5.1606693,5.1606693
SERPINE1,5.160345,5.160345
GDF15,5.1602926,5.1602926
FRZB,5.160245,5.160245
ALB,5.1601562,5.1601562
PTMA,5.160125,5.160125
MUC6,5.1596565,5.1596565
FDFT1,5.1596394,5.1596394
COX7C,5.159582,5.159582
TMEM9,5.1591234,5.1591234
CD24,5.159,5.159
NOTCH3,5.1588764,5.1588764
NAXE,5.158539,5.158539
IBSP,5.1585016,5.1585016
CLSTN1,5.157763,5.157763
ELOVL1,5.1576877,5.1576877
HMOX1,5.1575594,5.1575594
EZR,5.15707,5.15707
SELENOM,5.15701,5.15701
PKN1,5.1569967,5.1569967
ATP5F1B,5.15689,5.15689
PLVAP,5.156869,5.156869
BHLHE40,5.156639,5.156639
CLIC4,5.156577,5.156577
COL5A1,5.156066,5.156066
OLFML2B,5.1559978,5.1559978
NFIX,5.1559515,5.1559515
IFI44,5.155295,5.155295
CBX3,5.154498,5.154498
CEBPB,5.154286,5.154286
CENPW,5.153547,5.153547
H2AZ1,5.153265,5.153265
PCNA,5.1528463,5.1528463
SNRPE,5.1525955,5.1525955
FGB,5.152041,5.152041
ENSA,5.1519885,5.1519885
CIAO2B,5.1507387,5.1507387
ATP5MD,5.1505895,5.1505895
FLOT1,5.150512,5.150512
MRPL37,5.150506,5.150506
SCGB2A2,5.150339,5.150339
ASPN,5.149166,5.149166
TXN2,5.1489706,5.1489706
AKR7A2,5.1487436,5.1487436
CDC37,5.1486692,5.1486692
SLC1A1,5.1482153,5.1482153
TMED9,5.147847,5.147847
KDELR1,5.1475196,5.1475196
CCT6A,5.147328,5.147328
FABP7,5.146783,5.146783
FCGR3A,5.1463757,5.1463757
CHMP5,5.1463284,5.1463284
UFC1,5.1460834,5.1460834
SCD,5.1460266,5.1460266
RAMP1,5.145931,5.145931
RPS7,5.1456575,5.1456575
SPRR2A,5.145447,5.145447
AIP,5.143956,5.143956
ATP5MC3,5.1439505,5.1439505
SURF4,5.143832,5.143832
FMO3,5.143588,5.143588
DNAJA1,5.1426916,5.1426916
CRABP1,5.14227,5.14227
C1QB,5.142004,5.142004
RPL12,5.1408086,5.1408086
XRCC5,5.140744,5.140744
SYT13,5.1406846,5.1406846
AREG,5.1391816,5.1391816
TMED2,5.1389256,5.1389256
SREBF1,5.1383834,5.1383834
MRPS18B,5.138028,5.138028
HSPA6,5.13731,5.13731
STAC2,5.136919,5.136919
C20orf85,5.1365013,5.1365013
CHCHD2,5.1361346,5.1361346
QDPR,5.1359873,5.1359873
ANXA6,5.13593,5.13593
MRPL55,5.1357484,5.1357484
YWHAQ,5.1357365,5.1357365
SHISA5,5.1353207,5.1353207
LSM4,5.135147,5.135147
TSKU,5.1347117,5.1347117
CXCL13,5.1345367,5.1345367
SPRR3,5.134471,5.134471
EDF1,5.1342835,5.1342835
S100P,5.133031,5.133031
H2BC12,5.132978,5.132978
S100A16,5.1327853,5.1327853
AQP5,5.132529,5.132529
CD177,5.13242,5.13242
IRX2,5.1323113,5.1323113
NPY1R,5.1322904,5.1322904
SESN3,5.1319304,5.1319304
CSDE1,5.1316466,5.1316466
TC2N,5.1316357,5.1316357
GANAB,5.131077,5.131077
OSTC,5.1310387,5.1310387
JPT2,5.1310334,5.1310334
KRT5,5.130341,5.130341
ZMAT2,5.130261,5.130261
RAD23B,5.1300335,5.1300335
MUC5AC,5.130009,5.130009
ATP5F1D,5.1296773,5.1296773
TMEM64,5.1296315,5.1296315
NCCRP1,5.1293397,5.1293397
GRB7,5.1289606,5.1289606
SMS,5.12858,5.12858
COL4A2,5.1279707,5.1279707
RPL23,5.127761,5.127761
WARS1,5.127659,5.127659
IER3,5.127566,5.127566
CALM2,5.12754,5.12754
RGS10,5.127165,5.127165
LY6E,5.1269393,5.1269393
MRPL15,5.12687,5.12687
AZIN1,5.126812,5.126812
ANP32E,5.126764,5.126764
BEX3,5.1259956,5.1259956
SRP14,5.125752,5.125752
LGALS3BP,5.125419,5.125419
MGST1,5.125192,5.125192
RPL4,5.1248145,5.1248145
DES,5.124662,5.124662
C1orf115,5.12366,5.12366
NDUFA8,5.123588,5.123588
ELOVL2,5.123103,5.123103
SPDYC,5.12307,5.12307
NFKBIA,5.1230326,5.1230326
TUBA1A,5.1229353,5.1229353
PROM2,5.1226635,5.1226635
SSR2,5.122649,5.122649
A2M,5.122617,5.122617
MAL2,5.1226025,5.1226025
GDI1,5.122199,5.122199
HOXB2,5.122032,5.122032
PPDPF,5.121754,5.121754
PPP2R1A,5.121091,5.121091
EEF2,5.120799,5.120799
OAZ1,5.1206856,5.1206856
ACSM1,5.120218,5.120218
MAPRE1,5.1198177,5.1198177
GFUS,5.1197557,5.1197557
PSMA7,5.1196823,5.1196823
GLO1,5.119608,5.119608
MT-ND3,5.1193953,5.1193953
MMP9,5.118538,5.118538
GNB1,5.1178846,5.1178846
SF3B4,5.117542,5.117542
THBS1,5.117508,5.117508
HSPB1,5.1174083,5.1174083
EIF4EBP1,5.11719,5.11719
YIPF3,5.117174,5.117174
CRAT,5.1168413,5.1168413
HPX,5.1167617,5.1167617
SLC29A1,5.116722,5.116722
UGDH,5.1166544,5.1166544
HLA-DQB1,5.1165037,5.1165037
H2BC5,5.116413,5.116413
RPLP0,5.116378,5.116378
HNRNPA2B1,5.1161366,5.1161366
CLSTN2,5.115872,5.115872
ADAMTS15,5.1158347,5.1158347
MT1E,5.11582,5.11582
SIGMAR1,5.1155295,5.1155295
DDOST,5.1154423,5.1154423
RRAS,5.114544,5.114544
EIF2S2,5.113965,5.113965
UCN3,5.1139307,5.1139307
INSIG1,5.1137495,5.1137495
H1-10,5.113625,5.113625
MTPN,5.1135745,5.1135745
CST2,5.1135654,5.1135654
FASN,5.113537,5.113537
BTG2,5.1134496,5.1134496
SLC7A2,5.113037,5.113037
GFRA1,5.1126676,5.1126676
CXCL14,5.112661,5.112661
CEL,5.1125355,5.1125355
SSR4,5.111968,5.111968
EEF1A2,5.111921,5.111921
CTSZ,5.111675,5.111675
CLNS1A,5.111406,5.111406
APMAP,5.1111526,5.1111526
NDUFA6,5.110342,5.110342
LYPLA1,5.109379,5.109379
IMPDH2,5.1090946,5.1090946
SNRPB,5.108713,5.108713
GPNMB,5.1078095,5.1078095
FAM210B,5.1077065,5.1077065
SPTBN2,5.107495,5.107495
TMC4,5.106701,5.106701
BAG3,5.1062245,5.1062245
ARCN1,5.1057253,5.1057253
HES1,5.1057105,5.1057105
ST14,5.1056046,5.1056046
KRT23,5.1055536,5.1055536
ACSL1,5.1055336,5.1055336
FOLR1,5.105166,5.105166
RPL37,5.1048155,5.1048155
SERPINA6,5.1047935,5.1047935
NDUFS5,5.1046815,5.1046815
CD46,5.1044674,5.1044674
SYPL1,5.10437,5.10437
UBE2M,5.104351,5.104351
ILF2,5.1040792,5.1040792
SCGB1D2,5.1037626,5.1037626
MDK,5.103426,5.103426
TPM4,5.103426,5.103426
PODXL2,5.1032505,5.1032505
ATP5IF1,5.102705,5.102705
MSMO1,5.102657,5.102657
PDCD5,5.1024036,5.1024036
C1QA,5.102166,5.102166
TCIM,5.1021614,5.1021614
CKS2,5.1019735,5.1019735
IGFBP2,5.100788,5.100788
CNBP,5.100676,5.100676
CHMP2A,5.100664,5.100664
ABRACL,5.1004896,5.1004896
ATP1B3,5.099906,5.099906
PPP1R3C,5.0983753,5.0983753
BCAP31,5.097796,5.097796
TOP2B,5.0976324,5.0976324
EPCAM,5.097393,5.097393
SLC39A6,5.0971966,5.0971966
LDLRAD3,5.097031,5.097031
SLC35B2,5.0969315,5.0969315
KRT6B,5.096883,5.096883
CX3CL1,5.0966215,5.0966215
PDAP1,5.0965242,5.0965242
COPS9,5.0963583,5.0963583
SEC14L2,5.0955706,5.0955706
AKR1A1,5.0953617,5.0953617
RPLP2,5.0952053,5.0952053
RPS3,5.094842,5.094842
RPS15,5.094779,5.094779
CREB3L4,5.0942364,5.0942364
CENPB,5.0940566,5.0940566
CCDC74A,5.093356,5.093356
AZGP1,5.0931344,5.0931344
NET1,5.093074,5.093074
CITED4,5.0923743,5.0923743
GNAS,5.092366,5.092366
LAGE3,5.0921936,5.0921936
SLC39A7,5.091901,5.091901
TNC,5.0914335,5.0914335
HDLBP,5.091319,5.091319
GOLM1,5.090891,5.090891
CP,5.089318,5.089318
SLC3A2,5.0883045,5.0883045
GLUL,5.0869465,5.0869465
MRPL45,5.086777,5.086777
FTH1,5.0864553,5.0864553
RPN1,5.08634,5.08634
SSR3,5.08617,5.08617
ACADVL,5.0855756,5.0855756
NDUFA1,5.085228,5.085228
PLIN1,5.0851097,5.0851097
MRPL24,5.0850058,5.0850058
TCEAL4,5.084545,5.084545
RAB2A,5.0843544,5.0843544
POLR2K,5.0843515,5.0843515
WWP1,5.0839033,5.0839033
MT-ND2,5.083585,5.083585
SLC27A2,5.0827065,5.0827065
JUNB,5.082039,5.082039
TMEM109,5.081604,5.081604
ID2,5.0811367,5.0811367
CSE1L,5.081088,5.081088
WBP11,5.080804,5.080804
OAT,5.0807977,5.0807977
NDUFA4L2,5.0803337,5.0803337
ECH1,5.079708,5.079708
INHBB,5.0794673,5.0794673
CGA,5.0792046,5.0792046
CREG1,5.079114,5.079114
MUCL1,5.0779257,5.0779257
CANT1,5.0772734,5.0772734
PDIA3,5.077242,5.077242
S100A9,5.0769367,5.0769367
SLC7A5,5.0768795,5.0768795
SPR,5.0768013,5.0768013
RACK1,5.076598,5.076598
ITGB6,5.076167,5.076167
PLAT,5.0760775,5.0760775
PGAP3,5.075281,5.075281
QSOX1,5.0750437,5.0750437
AMFR,5.0736027,5.0736027
RPS12,5.07183,5.07183
STOM,5.071712,5.071712
OPRPN,5.071514,5.071514
SLC38A1,5.071504,5.071504
KRT20,5.070852,5.070852
GDF9,5.0707593,5.0707593
HMGB3,5.070159,5.070159
H2AW,5.0700006,5.0700006
COX7A2,5.069852,5.069852
RTL8C,5.068579,5.068579
H2AJ,5.068237,5.068237
HK2,5.068165,5.068165
SCGB2A1,5.0680895,5.0680895
AQP3,5.0680113,5.0680113
ABHD11,5.067543,5.067543
KRT10,5.067212,5.067212
KRT13,5.067047,5.067047
FXYD5,5.066929,5.066929
CAPN6,5.066863,5.066863
FGFR2,5.066749,5.066749
ITGA6,5.066198,5.066198
MORF4L2,5.0657654,5.0657654
MMP13,5.0656676,5.0656676
PSAT1,5.065113,5.065113
BCHE,5.0648017,5.0648017
CERS4,5.0647335,5.0647335
COX5A,5.064601,5.064601
PPP4C,5.0642548,5.0642548
G0S2,5.064023,5.064023
TRPA1,5.063881,5.063881
VMO1,5.0637884,5.0637884
SERP1,5.063759,5.063759
RPS28,5.0634217,5.0634217
TIMP1,5.0633593,5.0633593
ATP2A3,5.063057,5.063057
RBM3,5.062462,5.062462
CHAD,5.062439,5.062439
MDFI,5.062331,5.062331
HMGN1,5.0622416,5.0622416
ITM2B,5.061752,5.061752
DPM1,5.0616837,5.0616837
XRCC6,5.0613394,5.0613394
RNASE1,5.0611267,5.0611267
PARD6B,5.06098,5.06098
GBP4,5.0603614,5.0603614
PLD3,5.059903,5.059903
NKAIN1,5.0598125,5.0598125
LCP1,5.059684,5.059684
BPIFB2,5.0596266,5.0596266
METTL26,5.0595903,5.0595903
MKNK2,5.0586257,5.0586257
AP1M2,5.058262,5.058262
DDRGK1,5.0580945,5.0580945
KLK5,5.0580196,5.0580196
TNNT1,5.057876,5.057876
NDUFB7,5.057829,5.057829
PSMB1,5.057723,5.057723
NSMCE4A,5.0572906,5.0572906
FLYWCH2,5.056881,5.056881
SLC5A6,5.056224,5.056224
SH3BGRL3,5.0553284,5.0553284
ALG8,5.0548077,5.0548077
MB,5.054429,5.054429
PRPF6,5.0539217,5.0539217
ALDH9A1,5.053891,5.053891
POP7,5.05311,5.05311
CYP27A1,5.0529146,5.0529146
ELOB,5.052869,5.052869
PFN1,5.0528316,5.0528316
ACSL3,5.0517874,5.0517874
C5orf38,5.051468,5.051468
EIF3H,5.050656,5.050656
SNX3,5.0505342,5.0505342
TAGLN2,5.0503516,5.0503516
UCP2,5.050236,5.050236
HMGA1,5.0496087,5.0496087
SNRPB2,5.0494633,5.0494633
MAOB,5.04937,5.04937
SLC34A2,5.0479155,5.0479155
TFRC,5.0476294,5.0476294
RPL8,5.0474358,5.0474358
NME3,5.0471706,5.0471706
MPZL1,5.0471373,5.0471373
PCBD1,5.0469375,5.0469375
RAB10,5.0468063,5.0468063
SEPHS2,5.046673,5.046673
SLC7A8,5.0459776,5.0459776
SUMF2,5.0459666,5.0459666
GDI2,5.045308,5.045308
MZB1,5.0451674,5.0451674
EIF6,5.0450435,5.0450435
DHCR24,5.043549,5.043549
BCL2A1,5.043176,5.043176
GSTM3,5.0412726,5.0412726
SLC30A8,5.0410743,5.0410743
MARCKS,5.041071,5.041071
H2AX,5.040476,5.040476
CDKN1A,5.040181,5.040181
ITM2C,5.0398364,5.0398364
PGD,5.039588,5.039588
DBI,5.0393047,5.0393047
PHPT1,5.0392084,5.0392084
TOMM7,5.0383,5.0383
MAF1,5.0378094,5.0378094
PGR,5.0377045,5.0377045
SLC12A2,5.0374575,5.0374575
SQSTM1,5.0374207,5.0374207
SLC25A39,5.0364623,5.0364623
IFI35,5.035948,5.035948
MCM3,5.0357103,5.0357103
PGGHG,5.035572,5.035572
CD81,5.035304,5.035304
AKR7A3,5.0350485,5.0350485
ATP9A,5.0350466,5.0350466
TCP1,5.03452,5.03452
SCNN1A,5.0340543,5.0340543
SERPINA1,5.0339103,5.0339103
CHMP4B,5.033832,5.033832
OST4,5.033829,5.033829
SUSD3,5.033351,5.033351
METRN,5.033169,5.033169
PLP2,5.0331364,5.0331364
FBL,5.0328403,5.0328403
FKBP10,5.031976,5.031976
RPS21,5.031656,5.031656
KCNE4,5.031455,5.031455
ADIPOR2,5.0307026,5.0307026
SOD1,5.0305004,5.0305004
SUMO2,5.0299883,5.0299883
ZNF217,5.029971,5.029971
PYDC1,5.0297394,5.0297394
EI24,5.029566,5.029566
NPDC1,5.0291505,5.0291505
MYOC,5.029089,5.029089
RPL38,5.028225,5.028225
FMOD,5.0278654,5.0278654
HSP90B1,5.027676,5.027676
CTSD,5.027104,5.027104
NENF,5.0265307,5.0265307
TPI1,5.0263224,5.0263224
GP2,5.0261455,5.0261455
FST,5.0258493,5.0258493
TPT1,5.0256186,5.0256186
TRAF4,5.025248,5.025248
ECEL1,5.024938,5.024938
MMP1,5.0245657,5.0245657
SLC22A17,5.0244107,5.0244107
PRKACB,5.023553,5.023553
HK1,5.022556,5.022556
UQCRQ,5.021394,5.021394
CTSF,5.0212545,5.0212545
IGFBP5,5.0211344,5.0211344
CCDC80,5.02067,5.02067
IDH1,5.020409,5.020409
DNAJC1,5.019636,5.019636
RRAGA,5.019601,5.019601
ST13,5.019312,5.019312
PRDX3,5.018892,5.018892
ALDH3B2,5.0186095,5.0186095
CLTC,5.0184646,5.0184646
CYP4B1,5.0182886,5.0182886
PSMB6,5.0179234,5.0179234
CASC3,5.017549,5.017549
STT3B,5.017028,5.017028
SLC16A6,5.01608,5.01608
PTHLH,5.0158052,5.0158052
PRLR,5.015622,5.015622
FKBP8,5.0156164,5.0156164
OGN,5.015547,5.015547
BAMBI,5.0152016,5.0152016
CITED2,5.014962,5.014962
UBA52,5.0148907,5.0148907
CLIC6,5.0148096,5.0148096
FURIN,5.014269,5.014269
DHCR7,5.012997,5.012997
PADI2,5.012788,5.012788
GAA,5.0122676,5.0122676
S100G,5.0118637,5.0118637
GLYATL2,5.0117855,5.0117855
IQGAP1,5.010662,5.010662
TOP2A,5.01005,5.01005
CALML5,5.0100164,5.0100164
UBB,5.009111,5.009111
PBXIP1,5.009008,5.009008
TCN1,5.008443,5.008443
VSTM2A,5.0080442,5.0080442
STARD10,5.0079165,5.0079165
SPCS2,5.0070133,5.0070133
HLA-A,5.006746,5.006746
ARPP19,5.0065928,5.0065928
CMPK1,5.006333,5.006333
FABP4,5.006317,5.006317
TMEM150C,5.0060434,5.0060434
CTSB,5.004188,5.004188
ORM2,5.0040407,5.0040407
PYCARD,5.0040016,5.0040016
SOD2,5.003813,5.003813
RPS24,5.0035806,5.0035806
H1-0,5.0018444,5.0018444
REEP5,5.0015335,5.0015335
NPM1,5.0010476,5.0010476
CLEC3A,5.000579,5.000579
TMEM106C,4.999835,4.999835
C1orf43,4.999683,4.999683
OBP2B,4.9994717,4.9994717
PEA15,4.9988756,4.9988756
BANF1,4.998434,4.998434
PDIA4,4.9977784,4.9977784
CRYBG1,4.9971924,4.9971924
COX5B,4.9970837,4.9970837
FBXO32,4.996497,4.996497
GPC4,4.9961376,4.9961376
MYBPC1,4.99584,4.99584
RPL18,4.995737,4.995737
UBE2Z,4.9952126,4.9952126
CETN2,4.995165,4.995165
DLK1,4.9947877,4.9947877
AGT,4.994548,4.994548
COPZ1,4.9942107,4.9942107
FGFR1,4.9940095,4.9940095
HIF1A,4.9934363,4.9934363
DNPH1,4.992051,4.992051
EIF5A,4.991891,4.991891
NECTIN4,4.990861,4.990861
PLIN4,4.9908013,4.9908013
YIF1A,4.990658,4.990658
UBC,4.9900765,4.9900765
GSR,4.9888487,4.9888487
UBL5,4.987614,4.987614
SF3B6,4.9872923,4.9872923
CAPRIN1,4.9868317,4.9868317
LITAF,4.9865227,4.9865227
PRKDC,4.9862723,4.9862723
NBL1,4.9861937,4.9861937
TGFBI,4.9859433,4.9859433
CPA3,4.9858823,4.9858823
TRPS1,4.9853086,4.9853086
SDHC,4.9848523,4.9848523
VCP,4.9846554,4.9846554
CEACAM5,4.9836006,4.9836006
YWHAE,4.982851,4.982851
PLS3,4.981983,4.981983
H2BC21,4.9816403,4.9816403
LBP,4.9816017,4.9816017
HNRNPH2,4.9815693,4.9815693
RCN3,4.9815273,4.9815273
ATP1B1,4.981158,4.981158
ATF4,4.981028,4.981028
MANBAL,4.979716,4.979716
STIP1,4.979524,4.979524
C16orf89,4.9793053,4.9793053
RPS2,4.9789367,4.9789367
RERG,4.9788504,4.9788504
FLNB,4.977972,4.977972
CRIP2,4.977888,4.977888
SDCBP,4.9768076,4.9768076
KLK13,4.976355,4.976355
NOP10,4.9763184,4.9763184
TRAPPC1,4.976239,4.976239
SFN,4.9749737,4.9749737
NPNT,4.9748316,4.9748316
AGR3,4.9737334,4.9737334
KRT7,4.9735684,4.9735684
ATP6V1G1,4.973329,4.973329
CDKN1B,4.972456,4.972456
TUBB4B,4.972188,4.972188
CYB561,4.9705544,4.9705544
UTP18,4.9697413,4.9697413
CCDC167,4.969215,4.969215
KLK12,4.9683046,4.9683046
MRPS26,4.9678187,4.9678187
AUP1,4.967202,4.967202
KCTD3,4.967129,4.967129
PVALB,4.966384,4.966384
ISYNA1,4.9661,4.9661
GPC3,4.9659853,4.9659853
NUCKS1,4.965658,4.965658
CCT4,4.964281,4.964281
RAB11FIP1,4.962305,4.962305
ORM1,4.9606066,4.9606066
CXCL17,4.9588056,4.9588056
MIEN1,4.9570503,4.9570503
SCAMP3,4.9553156,4.9553156
MED24,4.955243,4.955243
FTL,4.9546523,4.9546523
SPRR1B,4.954506,4.954506
ALCAM,4.9540606,4.9540606
NRAS,4.9538555,4.9538555
CLTA,4.9537992,4.9537992
GPX4,4.953164,4.953164
GRB14,4.9525847,4.9525847
PSCA,4.951555,4.951555
H4C8,4.9515104,4.9515104
MYL12A,4.950722,4.950722
APH1A,4.9502707,4.9502707
DYNLL1,4.949498,4.949498
PRELID3B,4.948311,4.948311
LGMN,4.948082,4.948082
FGA,4.947769,4.947769
MAGEF1,4.947285,4.947285
DPM3,4.9471426,4.9471426
YWHAG,4.947036,4.947036
IGSF1,4.9462013,4.9462013
SYAP1,4.9452124,4.9452124
MDH2,4.943753,4.943753
MSMB,4.9437027,4.9437027
NARS1,4.942644,4.942644
SERPINA11,4.9423714,4.9423714
MRPL14,4.941772,4.941772
MCM7,4.941334,4.941334
ECM1,4.940739,4.940739
B4GALT1,4.938299,4.938299
CCDC124,4.93787,4.93787
ERP29,4.937581,4.937581
ATP5F1C,4.9368796,4.9368796
TMEM101,4.936687,4.936687
NDUFAB1,4.936492,4.936492
RARRES1,4.936483,4.936483
LRG1,4.9339857,4.9339857
FBLN1,4.9337835,4.9337835
PAK1,4.9335127,4.9335127
ASH2L,4.933016,4.933016
CXCR4,4.9327736,4.9327736
ACTA1,4.931695,4.931695
RBM42,4.9303975,4.9303975
PGRMC1,4.9296584,4.9296584
ZYX,4.929309,4.929309
CDV3,4.9283323,4.9283323
TCEAL3,4.9278684,4.9278684
VMP1,4.9278526,4.9278526
TIMP3,4.9271894,4.9271894
PSAP,4.9266224,4.9266224
SCAND1,4.9256477,4.9256477
HSPA1B,4.925641,4.925641
PLXNB2,4.9247437,4.9247437
PRR11,4.9245834,4.9245834
MRFAP1,4.924489,4.924489
THRSP,4.9239974,4.9239974
RPL19,4.9238305,4.9238305
ERGIC3,4.923586,4.923586
PDK4,4.923266,4.923266
PODXL,4.9210978,4.9210978
TRIM28,4.920642,4.920642
RAP2C,4.91694,4.91694
DDX5,4.9167976,4.9167976
PLAAT3,4.915891,4.915891
ARHGAP36,4.914777,4.914777
KRT6A,4.914483,4.914483
NKX3-1,4.9139605,4.9139605
FUS,4.9130254,4.9130254
SPANXB1,4.912924,4.912924
LAMB2,4.9120255,4.9120255
IRF6,4.910735,4.910735
CDH3,4.910081,4.910081
DUSP4,4.9100113,4.9100113
HSP90AB1,4.909896,4.909896
NECTIN2,4.9086876,4.9086876
KLK11,4.906913,4.906913
YWHAH,4.9067364,4.9067364
UGT2B4,4.905526,4.905526
P4HA1,4.904877,4.904877
RMND1,4.9048386,4.9048386
TRH,4.904232,4.904232
RTN3,4.9027157,4.9027157
ECE1,4.9020185,4.9020185
ERLIN2,4.9011436,4.9011436
NRIP3,4.901011,4.901011
SERPINA5,4.898999,4.898999
MSL1,4.8987646,4.8987646
BTG1,4.8967133,4.8967133
TAF7,4.894971,4.894971
CCDC47,4.8937154,4.8937154
ORMDL3,4.893285,4.893285
PI15,4.8930693,4.8930693
SEMA3C,4.8923464,4.8923464
SELENOW,4.8893857,4.8893857
PLEKHF2,4.8893747,4.8893747
DSP,4.886199,4.886199
TFPI2,4.8841877,4.8841877
CYC1,4.881954,4.881954
C1QBP,4.88019,4.88019
RGS5,4.880085,4.880085
ARF6,4.878217,4.878217
SPINT1,4.8771334,4.8771334
ARHGDIB,4.8766723,4.8766723
PPIB,4.8741555,4.8741555
AP2M1,4.872891,4.872891
ERBB3,4.871601,4.871601
CST1,4.8710675,4.8710675
FLOT2,4.870842,4.870842
DCAF10,4.8707414,4.8707414
C19orf53,4.8632317,4.8632317
STAU1,4.861882,4.861882
GNS,4.8616953,4.8616953
PROM1,4.859939,4.859939
GOT2,4.8582125,4.8582125
GGCT,4.8567047,4.8567047
POLDIP2,4.856292,4.856292
IFI6,4.8547335,4.8547335
MAGED2,4.853284,4.853284
NSG2,4.851795,4.851795
CDC42EP4,4.848279,4.848279
SLC39A8,4.847727,4.847727
PSMD8,4.8461046,4.8461046
PPIF,4.8384705,4.8384705
NIPSNAP2,4.8376255,4.8376255
CST5,4.8350506,4.8350506
ISOC1,4.8326025,4.8326025
RAC1,4.831684,4.831684
UBA1,4.82677,4.82677
ALKBH7,4.825036,4.825036
SF3B5,4.824151,4.824151
RHOA,4.821008,4.821008
CALD1,4.819065,4.819065
GSTM1,4.8187113,4.8187113
SULF2,4.8134923,4.8134923
GLUD1,4.812011,4.812011
SCGB3A1,4.8087234,4.8087234
PLA2G2A,4.8065214,4.8065214
CDC42EP1,4.8023667,4.8023667
RBBP7,4.8010945,4.8010945
PLPP5,4.801091,4.801091
HACD3,4.797127,4.797127
ZNF385A,4.794029,4.794029
PLPBP,4.788625,4.788625
NDUFA4,4.7817144,4.7817144
BCAS2,4.77921,4.77921
H2AC6,4.76937,4.76937
PIM3,4.7674823,4.7674823
GALNT6,4.7587824,4.7587824
H2AC8,4.751228,4.751228
TUBA3D,4.7365427,4.7365427
RPL18A,4.6634903,4.6634903
